id,first_name,last_name,email,gender,ip_address
1,Bab,Yeell,byeell0@va.gov,Female,185.200.80.132
2,Rosella,Geoghegan,rgeoghegan1@angelfire.com,Female,161.42.227.172
3,Ariadne,Sanchiz,asanchiz2@ifeng.com,Female,89.169.124.144
4,Jasun,Drew-Clifton,jdrewclifton3@princeton.edu,Male,158.199.0.66
5,Karole,Wordington,kwordington4@dedecms.com,Female,14.27.238.107
6,Burch,Matijevic,bmatijevic5@amazon.co.jp,Male,252.151.229.32
7,Marion,Crufts,mcrufts6@paypal.com,Female,41.114.16.50
8,Yule,Guterson,yguterson7@columbia.edu,Male,54.115.178.89
9,Joye,Jozsika,jjozsika8@twitter.com,Genderfluid,202.85.183.41
10,Si,Gudgin,sgudgin9@theatlantic.com,Male,118.142.87.143
11,Cindelyn,Alessandrini,calessandrinia@ed.gov,Female,207.92.14.223
12,Arron,Laite,alaiteb@pen.io,Male,100.52.195.126
13,Beryl,Osmond,bosmondc@list-manage.com,Female,13.109.245.130
14,Dulcea,Toun,dtound@parallels.com,Female,105.61.27.7
15,Ralph,Shaw,rshawe@elegantthemes.com,Bigender,101.216.164.5
16,Kalina,Roobottom,kroobottomf@techcrunch.com,Female,162.142.208.156
17,Lavinia,Cowill,lcowillg@oracle.com,Female,130.36.99.16
18,Patrica,Nussen,pnussenh@go.com,Genderqueer,104.58.155.76
19,Cyndia,Swettenham,cswettenhami@columbia.edu,Agender,217.244.249.87
20,Mendy,Dodson,mdodsonj@phpbb.com,Male,139.21.178.17
21,Emmeline,Nichol,enicholk@csmonitor.com,Agender,27.40.152.77
22,Nannette,Wivell,nwivelll@mozilla.com,Female,154.49.191.12
23,Ugo,Ride,uridem@intel.com,Male,195.153.205.189
24,Burlie,Salzburg,bsalzburgn@fastcompany.com,Male,86.119.39.166
25,Leoline,Laugharne,llaugharneo@accuweather.com,Female,71.29.90.189
26,Gracia,Rhys,grhysp@lulu.com,Female,84.182.74.9
27,Galina,Bulford,gbulfordq@cyberchimps.com,Female,39.80.215.83
28,Andrew,Brewett,abrewettr@msn.com,Male,94.134.94.94
29,Marybeth,Hathwood,mhathwoods@unc.edu,Female,39.109.230.81
30,Moe,Passey,mpasseyt@kickstarter.com,Male,230.105.66.79
31,Riva,Greenrodd,rgreenroddu@friendfeed.com,Female,216.223.187.114
32,Sheelah,Riccard,sriccardv@edublogs.org,Female,207.244.80.248
33,Ophelia,Amberger,oambergerw@ftc.gov,Female,110.218.2.194
34,Stavro,Dawton,sdawtonx@feedburner.com,Male,36.128.226.85
35,Weylin,Ilyenko,wilyenkoy@altervista.org,Male,243.131.135.8
36,Rouvin,Yukhnini,ryukhniniz@zdnet.com,Male,124.233.176.222
37,Abbe,Curcher,acurcher10@bizjournals.com,Female,94.45.88.252
38,Rickard,Guillond,rguillond11@pagesperso-orange.fr,Male,148.243.40.145
39,Pepillo,Georgeou,pgeorgeou12@bizjournals.com,Male,230.57.133.243
40,Claudine,Mitchener,cmitchener13@scientificamerican.com,Female,3.203.213.175
41,Brear,Kivlehan,bkivlehan14@shutterfly.com,Female,184.132.238.133
42,Royall,Klagges,rklagges15@mozilla.com,Male,38.225.10.111
43,Mareah,Newlove,mnewlove16@youtu.be,Female,30.179.31.146
44,Sherwood,Prout,sprout17@businessinsider.com,Male,1.90.154.141
45,Matthus,Aumerle,maumerle18@cdc.gov,Male,141.93.66.20
46,Fania,Hacun,fhacun19@simplemachines.org,Female,215.57.245.81
47,Randy,Hainey`,rhainey1a@pen.io,Bigender,14.216.25.142
48,Davey,Meo,dmeo1b@phoca.cz,Male,232.23.150.103
49,Barris,Tucker,btucker1c@independent.co.uk,Male,129.172.160.134
50,Kesley,Rowbrey,krowbrey1d@paypal.com,Female,159.53.185.244
51,Avery,MacKean,amackean1e@hao123.com,Male,55.143.136.49
52,Damien,Andrusyak,dandrusyak1f@cocolog-nifty.com,Male,216.27.200.156
53,Cordy,McConway,cmcconway1g@wikipedia.org,Female,238.85.161.209
54,Nicol,Smurthwaite,nsmurthwaite1h@gnu.org,Male,237.154.144.53
55,Cristiano,Sedger,csedger1i@salon.com,Male,244.113.138.36
56,Nathanil,Woolham,nwoolham1j@nasa.gov,Male,234.23.117.242
57,Hertha,Dodman,hdodman1k@twitter.com,Female,121.10.161.122
58,Bunnie,Quilter,bquilter1l@nydailynews.com,Female,151.49.7.202
59,Germain,Wayvill,gwayvill1m@google.ru,Female,147.73.47.103
60,Zedekiah,Goold,zgoold1n@arizona.edu,Male,248.20.93.38
61,Linoel,Nasi,lnasi1o@macromedia.com,Bigender,125.247.36.13
62,Hadrian,Rees,hrees1p@flickr.com,Male,241.89.189.231
63,Aloysius,Jose,ajose1q@51.la,Male,48.62.184.209
64,Maurice,Terram,mterram1r@state.tx.us,Male,143.33.152.61
65,Glen,Guitton,gguitton1s@fda.gov,Female,65.208.133.102
66,Daffy,Grabban,dgrabban1t@phoca.cz,Female,162.13.249.130
67,Jeniece,Yole,jyole1u@indiegogo.com,Genderfluid,136.17.69.176
68,Karoly,Longthorne,klongthorne1v@drupal.org,Male,32.241.16.19
69,Tiphani,Prettjohn,tprettjohn1w@wikispaces.com,Female,227.169.176.41
70,Danielle,Goracci,dgoracci1x@cnbc.com,Female,132.113.32.178
71,Olav,Wreiford,owreiford1y@myspace.com,Male,190.9.178.196
72,Royall,Stoving,rstoving1z@sfgate.com,Male,93.95.212.142
73,Isiahi,Yoxen,iyoxen20@symantec.com,Male,163.35.57.166
74,Marysa,Gowlett,mgowlett21@google.cn,Female,94.142.224.239
75,Claresta,Cestard,ccestard22@ebay.com,Female,38.245.75.104
76,Evita,Fraschini,efraschini23@earthlink.net,Female,179.20.220.101
77,Scarlett,Ohrt,sohrt24@sitemeter.com,Female,203.73.177.85
78,Malva,Rodell,mrodell25@irs.gov,Female,142.31.21.70
79,Orson,Rowbottom,orowbottom26@shareasale.com,Male,12.23.56.175
80,Selene,Dalyiel,sdalyiel27@pinterest.com,Female,220.101.109.142
81,Janka,Waistell,jwaistell28@cafepress.com,Female,117.98.185.238
82,Leslie,Braniff,lbraniff29@newsvine.com,Female,205.8.235.158
83,Constantino,Pymar,cpymar2a@cbsnews.com,Male,171.220.93.201
84,Sylas,Arcase,sarcase2b@businesswire.com,Male,126.128.75.83
85,Currie,Lampen,clampen2c@nsw.gov.au,Male,90.106.3.29
86,Sosanna,MacLaverty,smaclaverty2d@twitter.com,Female,51.169.195.162
87,Fredek,Primo,fprimo2e@rakuten.co.jp,Male,137.90.107.183
88,Lani,Lumsdall,llumsdall2f@illinois.edu,Female,62.207.59.94
89,Javier,Danes,jdanes2g@ehow.com,Genderqueer,201.217.127.3
90,Patric,Reek,preek2h@engadget.com,Male,219.98.193.126
91,Urbanus,Stoller,ustoller2i@cmu.edu,Male,170.13.158.178
92,Jamima,Bavage,jbavage2j@whitehouse.gov,Female,117.22.29.134
93,Delbert,Keatley,dkeatley2k@bloglovin.com,Male,166.161.113.52
94,Ibrahim,Terrazzo,iterrazzo2l@bizjournals.com,Male,107.61.162.22
95,Joannes,Wallice,jwallice2m@mail.ru,Female,118.50.13.26
96,Madison,Reely,mreely2n@sakura.ne.jp,Male,212.62.184.197
97,Levey,Manie,lmanie2o@indiegogo.com,Male,40.91.223.217
98,Addison,Ianne,aianne2p@noaa.gov,Male,45.91.127.194
99,Henka,Budgeon,hbudgeon2q@barnesandnoble.com,Female,137.190.149.251
100,Nata,Bootton,nbootton2r@lulu.com,Female,168.10.221.79
101,Gretal,Clissell,gclissell2s@go.com,Female,229.91.205.236
102,Yardley,Skey,yskey2t@sciencedirect.com,Male,78.84.198.194
103,Temp,Dobkin,tdobkin2u@army.mil,Male,114.133.102.190
104,Herold,Knoles,hknoles2v@mit.edu,Male,92.126.167.80
105,Tally,Leyzell,tleyzell2w@imageshack.us,Male,120.106.68.15
106,Inigo,Bridat,ibridat2x@epa.gov,Genderfluid,205.35.105.163
107,Auberon,Bracci,abracci2y@ucoz.com,Male,245.21.124.255
108,Anthia,Cowderoy,acowderoy2z@state.tx.us,Female,25.209.96.5
109,Filide,Hannam,fhannam30@xinhuanet.com,Female,223.209.226.116
110,Melisenda,Cowen,mcowen31@nhs.uk,Female,52.244.212.223
111,Oneida,Free,ofree32@washington.edu,Female,174.135.163.238
112,Wakefield,Goldson,wgoldson33@deviantart.com,Male,47.135.172.69
113,Allissa,Devorill,adevorill34@salon.com,Bigender,7.228.250.190
114,Geneva,Guido,gguido35@reddit.com,Female,137.21.79.176
115,Georgi,Kentwell,gkentwell36@nsw.gov.au,Male,225.243.175.95
116,Lindsey,Blight,lblight37@java.com,Male,165.38.24.172
117,Emmalynn,Ubach,eubach38@bloomberg.com,Female,171.24.150.140
118,Haze,O'Brogan,hobrogan39@mediafire.com,Male,0.124.73.215
119,Griswold,Fardell,gfardell3a@dropbox.com,Male,180.80.42.210
120,Efrem,Yurivtsev,eyurivtsev3b@businesswire.com,Male,164.75.176.123
121,Anya,Izachik,aizachik3c@ucsd.edu,Female,144.233.114.168
122,Austin,Rudkin,arudkin3d@cdbaby.com,Male,186.73.235.105
123,Juliane,Spenclay,jspenclay3e@cocolog-nifty.com,Female,222.37.4.9
124,Wain,Farre,wfarre3f@domainmarket.com,Polygender,216.40.65.80
125,Bryant,Hatherley,bhatherley3g@blogger.com,Male,245.18.131.85
126,Janice,Kilbane,jkilbane3h@microsoft.com,Female,119.238.115.212
127,Isa,Roblett,iroblett3i@rakuten.co.jp,Female,33.172.17.100
128,Kary,Skeats,kskeats3j@tamu.edu,Female,94.78.177.244
129,Adolf,Kleinstern,akleinstern3k@vkontakte.ru,Male,96.186.253.230
130,Taylor,Cordet,tcordet3l@guardian.co.uk,Male,159.21.76.158
131,Sig,Ivan,sivan3m@washington.edu,Male,107.213.136.33
132,Carlene,Sonner,csonner3n@nydailynews.com,Female,222.224.228.200
133,Michelina,Vale,mvale3o@hibu.com,Female,56.30.188.54
134,Iosep,Donoher,idonoher3p@mit.edu,Male,112.163.43.39
135,Magdaia,Ludman,mludman3q@omniture.com,Female,202.32.41.58
136,Noach,Eburah,neburah3r@redcross.org,Male,211.185.181.205
137,Ulises,Stanbro,ustanbro3s@sphinn.com,Male,109.157.213.16
138,Joshua,Ruseworth,jruseworth3t@comsenz.com,Male,84.56.52.127
139,Hamilton,Quarrington,hquarrington3u@google.com.br,Male,118.60.194.50
140,Berny,Say,bsay3v@zimbio.com,Male,13.77.101.58
141,Travers,Skillington,tskillington3w@mediafire.com,Male,26.67.67.145
142,Dar,Walesby,dwalesby3x@deviantart.com,Male,60.219.157.38
143,Rudolph,Bastistini,rbastistini3y@cdbaby.com,Male,157.47.63.101
144,Berkie,Vedntyev,bvedntyev3z@gov.uk,Male,105.5.63.145
145,Clay,Matteo,cmatteo40@prlog.org,Male,114.128.147.28
146,Delainey,Fenech,dfenech41@foxnews.com,Polygender,41.91.250.11
147,Merrily,Dubble,mdubble42@cnet.com,Female,123.50.230.184
148,Mahmoud,Steed,msteed43@youtu.be,Male,167.90.233.27
149,Odell,Skyppe,oskyppe44@ocn.ne.jp,Male,206.116.47.166
150,Maighdiln,Bisterfeld,mbisterfeld45@i2i.jp,Female,222.67.235.22
151,Cordi,Jerratsch,cjerratsch46@nydailynews.com,Female,18.64.117.9
152,Kata,Blackburn,kblackburn47@technorati.com,Female,71.180.201.172
153,Suzanne,Castree,scastree48@php.net,Female,211.249.233.141
154,Giorgio,McNelly,gmcnelly49@wiley.com,Male,169.196.44.198
155,Bernita,Longforth,blongforth4a@chron.com,Female,52.155.28.10
156,Nollie,Renon,nrenon4b@google.com,Non-binary,245.119.122.187
157,Marthena,Vescovo,mvescovo4c@smugmug.com,Female,112.181.31.102
158,Abbot,Kepp,akepp4d@typepad.com,Male,107.48.9.90
159,Jacquenette,Elvy,jelvy4e@bloomberg.com,Female,126.167.31.154
160,Celesta,Bellham,cbellham4f@nasa.gov,Female,248.47.89.128
161,Briggs,Mettetal,bmettetal4g@unblog.fr,Male,63.94.53.236
162,Cass,MacLeod,cmacleod4h@elegantthemes.com,Female,18.206.49.157
163,Mikol,Cleynaert,mcleynaert4i@bandcamp.com,Male,164.49.215.77
164,Bryn,Callf,bcallf4j@about.me,Female,206.18.199.193
165,Wye,Benediktsson,wbenediktsson4k@technorati.com,Male,225.231.117.210
166,Lenka,Packham,lpackham4l@quantcast.com,Female,53.44.82.39
167,Christiano,McEvon,cmcevon4m@harvard.edu,Male,156.244.123.16
168,Ingeborg,Temby,itemby4n@blinklist.com,Female,96.168.198.222
169,Romeo,Isham,risham4o@dot.gov,Polygender,31.160.170.223
170,Tarrah,Clawe,tclawe4p@icio.us,Female,144.21.26.203
171,Max,Reddington,mreddington4q@newsvine.com,Bigender,16.6.36.201
172,Keelby,Bray,kbray4r@opera.com,Male,130.222.207.194
173,Preston,Tolputt,ptolputt4s@t-online.de,Genderfluid,151.246.89.29
174,Doralynne,Rivaland,drivaland4t@furl.net,Female,11.193.145.220
175,Kin,Brunnen,kbrunnen4u@harvard.edu,Male,132.144.165.216
176,Uriel,Ashington,uashington4v@amazon.co.jp,Male,255.222.5.97
177,Ivar,Huggens,ihuggens4w@over-blog.com,Male,10.239.104.90
178,Gifford,Fownes,gfownes4x@wufoo.com,Male,244.33.18.161
179,Orran,Osinin,oosinin4y@cyberchimps.com,Male,83.58.225.47
180,Codee,Carlton,ccarlton4z@miitbeian.gov.cn,Female,55.220.74.129
181,Megan,Bowie,mbowie50@cbslocal.com,Female,53.152.136.96
182,Betteann,Mayhead,bmayhead51@washingtonpost.com,Polygender,22.114.249.109
183,Addie,Mitskevich,amitskevich52@bluehost.com,Male,93.217.180.250
184,Aubree,Oki,aoki53@weather.com,Female,7.2.117.193
185,Lorine,Bedding,lbedding54@ow.ly,Female,101.196.67.200
186,Kissiah,Glusby,kglusby55@hibu.com,Female,35.162.156.209
187,Wilmette,Charnick,wcharnick56@google.pl,Female,216.249.90.197
188,Guenna,Borles,gborles57@4shared.com,Female,142.93.185.254
189,Jarvis,Angliss,jangliss58@msn.com,Male,45.172.2.68
190,Jefferson,Pietzner,jpietzner59@wiley.com,Male,163.80.157.19
191,Roxanne,Leopard,rleopard5a@jimdo.com,Female,41.243.105.30
192,Bowie,Novotni,bnovotni5b@hp.com,Male,177.90.141.69
193,Trace,Hassard,thassard5c@ca.gov,Male,68.159.92.211
194,Grazia,Jordanson,gjordanson5d@washington.edu,Female,27.180.91.187
195,Keslie,Troucher,ktroucher5e@youtube.com,Female,2.247.87.175
196,Herminia,Blockley,hblockley5f@artisteer.com,Genderqueer,115.34.62.248
197,Vikki,Clamp,vclamp5g@t-online.de,Bigender,127.158.54.220
198,Kelcy,Betteson,kbetteson5h@goodreads.com,Female,44.175.148.97
199,Collie,Connaughton,cconnaughton5i@joomla.org,Female,89.134.215.102
200,Mamie,Petford,mpetford5j@nationalgeographic.com,Female,26.216.224.220
201,Dylan,Dziwisz,ddziwisz5k@ucoz.ru,Male,195.180.34.239
202,Darrin,Stetson,dstetson5l@wufoo.com,Male,145.34.230.255
203,Filippo,D'Costa,fdcosta5m@tiny.cc,Male,34.163.252.208
204,Minda,Shapero,mshapero5n@nbcnews.com,Female,131.189.62.94
205,Peta,Hubbucks,phubbucks5o@w3.org,Female,173.83.47.155
206,Kissie,Hardie,khardie5p@wikipedia.org,Female,95.98.81.93
207,Linnea,Rawlins,lrawlins5q@amazon.co.uk,Female,163.133.192.46
208,Bellanca,Brogini,bbrogini5r@opera.com,Female,22.167.131.118
209,Bette-ann,Jankowski,bjankowski5s@delicious.com,Female,141.199.183.173
210,Clifford,Pietruschka,cpietruschka5t@squarespace.com,Male,152.71.132.138
211,Dewie,Ramsted,dramsted5u@blogs.com,Male,149.129.179.46
212,Roberta,Garralts,rgarralts5v@bravesites.com,Female,85.204.24.143
213,Valerye,Founds,vfounds5w@chicagotribune.com,Genderfluid,120.186.42.208
214,Hilario,Wauchope,hwauchope5x@tiny.cc,Male,237.50.151.105
215,Hilary,Hinchon,hhinchon5y@exblog.jp,Polygender,118.33.30.29
216,Ava,Guys,aguys5z@intel.com,Female,159.126.66.252
217,Morey,Ledrun,mledrun60@vistaprint.com,Male,243.106.133.84
218,Bart,Brisker,bbrisker61@toplist.cz,Male,182.162.122.143
219,Jamesy,O'Mohun,jomohun62@unblog.fr,Male,38.243.130.92
220,Gabey,Huey,ghuey63@w3.org,Female,12.152.205.171
221,Lotta,Gobert,lgobert64@ow.ly,Female,186.227.30.97
222,Hall,Maureen,hmaureen65@bloomberg.com,Male,238.109.66.60
223,Eliza,Eminson,eeminson66@slashdot.org,Female,158.205.140.218
224,Katee,Whenman,kwhenman67@flavors.me,Female,36.1.179.35
225,Marlee,Michell,mmichell68@time.com,Female,71.17.81.30
226,Demetria,Eye,deye69@psu.edu,Female,26.150.95.148
227,Chrisy,Pascho,cpascho6a@youtube.com,Male,132.91.133.215
228,Siegfried,Capes,scapes6b@artisteer.com,Male,191.177.56.138
229,Francoise,Welberry,fwelberry6c@huffingtonpost.com,Female,163.69.9.183
230,Rob,Fields,rfields6d@weebly.com,Male,124.50.103.187
231,Harcourt,Avery,havery6e@opera.com,Male,178.109.57.233
232,Kenon,Garmons,kgarmons6f@xinhuanet.com,Male,161.153.183.249
233,Florry,Gretham,fgretham6g@bbc.co.uk,Female,13.207.177.66
234,Druci,Charville,dcharville6h@spotify.com,Agender,221.52.0.197
235,Hayyim,Spencock,hspencock6i@scientificamerican.com,Male,139.170.237.125
236,Conni,Leith-Harvey,cleithharvey6j@so-net.ne.jp,Female,29.134.249.164
237,Rice,Ohrt,rohrt6k@networksolutions.com,Male,62.211.35.104
238,Neale,Hruska,nhruska6l@etsy.com,Male,109.44.130.245
239,Prissie,McFadzean,pmcfadzean6m@blinklist.com,Female,39.213.135.243
240,Eugenio,Luetkemeyer,eluetkemeyer6n@google.de,Male,130.83.81.148
241,Oneida,Newberry,onewberry6o@360.cn,Female,203.204.243.177
242,Juliet,Maysor,jmaysor6p@nymag.com,Female,216.119.217.153
243,Burlie,Joncic,bjoncic6q@free.fr,Male,242.153.99.129
244,Merv,Riach,mriach6r@ft.com,Male,125.2.23.135
245,Evelyn,Boshell,eboshell6s@1688.com,Female,200.89.35.45
246,Taryn,Lazell,tlazell6t@vkontakte.ru,Female,19.124.2.219
247,Galvin,Labet,glabet6u@indiegogo.com,Male,153.160.194.78
248,Robyn,O'Deoran,rodeoran6v@wordpress.org,Polygender,146.194.132.28
249,Derry,Ogley,dogley6w@sciencedirect.com,Male,221.98.220.149
250,Lura,Sabbins,lsabbins6x@ca.gov,Female,207.176.5.249
251,Drake,Liptrod,dliptrod6y@wikia.com,Male,88.126.24.127
252,Kinny,Norrington,knorrington6z@springer.com,Male,213.120.90.136
253,Doreen,Van Halen,dvanhalen70@exblog.jp,Female,125.40.55.1
254,Haydon,Fidelus,hfidelus71@jimdo.com,Male,235.52.121.230
255,Lee,Goadsby,lgoadsby72@surveymonkey.com,Male,27.247.101.163
256,Simon,Heinzel,sheinzel73@opera.com,Male,110.116.38.239
257,Venus,Jonuzi,vjonuzi74@tuttocitta.it,Female,205.203.135.189
258,Priscella,Liversedge,pliversedge75@slideshare.net,Female,171.179.159.67
259,Lalo,Jendrach,ljendrach76@ifeng.com,Male,179.184.171.149
260,Westbrooke,De Lasci,wdelasci77@earthlink.net,Male,249.23.212.0
261,Titos,Palmer,tpalmer78@dmoz.org,Male,250.116.24.78
262,Ash,Chrystal,achrystal79@qq.com,Male,187.183.105.105
263,Gallard,Clemmens,gclemmens7a@tumblr.com,Male,191.236.48.77
264,Wade,Foxten,wfoxten7b@w3.org,Male,119.222.39.158
265,Haily,Gaythwaite,hgaythwaite7c@addthis.com,Male,112.159.56.156
266,Keri,Dancy,kdancy7d@google.ru,Female,192.46.117.214
267,Marysa,Prattin,mprattin7e@twitter.com,Female,130.159.124.183
268,Adelind,Haizelden,ahaizelden7f@wisc.edu,Female,154.32.224.58
269,Coralyn,Colum,ccolum7g@amazon.de,Female,55.67.19.54
270,Maximilianus,McHenry,mmchenry7h@google.cn,Male,240.74.207.180
271,Valencia,Wetherburn,vwetherburn7i@about.com,Female,123.170.85.32
272,Jodee,Koppes,jkoppes7j@columbia.edu,Female,248.13.149.210
273,Dix,Dudill,ddudill7k@timesonline.co.uk,Female,117.13.73.62
274,Nevile,Claussen,nclaussen7l@odnoklassniki.ru,Male,170.118.214.207
275,Aubine,Schulze,aschulze7m@paginegialle.it,Female,157.40.140.70
276,Tammi,Duffie,tduffie7n@reuters.com,Female,243.183.221.164
277,Miguela,Raye,mraye7o@whitehouse.gov,Female,166.85.163.74
278,Pebrook,Weavers,pweavers7p@seesaa.net,Male,217.3.117.238
279,Conney,Spensly,cspensly7q@goo.gl,Male,27.50.89.118
280,Elisabetta,Stappard,estappard7r@friendfeed.com,Female,104.30.24.236
281,Gerry,Fuentez,gfuentez7s@gravatar.com,Genderfluid,168.226.158.58
282,Halsy,Krelle,hkrelle7t@eepurl.com,Male,99.152.13.61
283,Inness,Lohan,ilohan7u@wikipedia.org,Male,228.190.89.11
284,Davidson,Davie,ddavie7v@alexa.com,Male,32.193.204.98
285,Kanya,Lightowler,klightowler7w@businessinsider.com,Genderfluid,26.205.164.36
286,Kirk,Highnam,khighnam7x@sun.com,Male,34.53.102.2
287,Sheela,Baggs,sbaggs7y@illinois.edu,Female,13.47.156.119
288,Hi,Dmytryk,hdmytryk7z@icio.us,Male,178.102.175.215
289,Ingamar,Laurenceau,ilaurenceau80@statcounter.com,Male,89.118.234.168
290,Hedwig,Pithie,hpithie81@artisteer.com,Female,18.143.158.201
291,Pascale,Docharty,pdocharty82@nih.gov,Male,155.155.97.249
292,Averil,Bozward,abozward83@angelfire.com,Female,60.232.87.70
293,Alfy,Scoyles,ascoyles84@cornell.edu,Male,113.137.51.92
294,Jordan,Purver,jpurver85@rediff.com,Female,55.169.157.203
295,Gabe,Dowley,gdowley86@histats.com,Male,137.240.237.210
296,Opal,Stansall,ostansall87@typepad.com,Female,93.116.26.114
297,Katee,Ohrt,kohrt88@si.edu,Female,217.166.129.174
298,Kendricks,Titchmarsh,ktitchmarsh89@mapy.cz,Male,181.21.43.209
299,Thelma,Hastwall,thastwall8a@addthis.com,Female,41.33.220.14
300,Carlo,Horlock,chorlock8b@java.com,Male,30.66.164.100
301,Carin,Cod,ccod8c@stanford.edu,Female,194.217.244.108
302,Abrahan,Puddle,apuddle8d@slate.com,Male,158.49.244.38
303,Jenda,Boobyer,jboobyer8e@goo.gl,Female,96.30.4.73
304,Mikael,Mash,mmash8f@hugedomains.com,Male,152.104.122.178
305,Connie,Carrane,ccarrane8g@yolasite.com,Male,203.8.4.107
306,Dinnie,Spurden,dspurden8h@tinyurl.com,Female,111.182.131.18
307,Chrissie,Ridoutt,cridoutt8i@yahoo.com,Female,209.242.158.204
308,Blinni,Dutson,bdutson8j@unblog.fr,Female,161.87.107.31
309,Laird,Berthot,lberthot8k@naver.com,Male,60.224.169.201
310,Elberta,Yanuk,eyanuk8l@so-net.ne.jp,Female,25.102.3.3
311,Fredericka,Bendare,fbendare8m@ox.ac.uk,Female,99.223.244.195
312,Veriee,Dillamore,vdillamore8n@miibeian.gov.cn,Female,75.195.28.107
313,Florence,Chestnutt,fchestnutt8o@creativecommons.org,Female,144.86.80.113
314,Miranda,Bessett,mbessett8p@alexa.com,Female,99.224.219.139
315,Row,Dilleway,rdilleway8q@amazon.com,Female,52.165.82.6
316,Gerladina,Pinchback,gpinchback8r@cornell.edu,Female,71.8.100.39
317,Joli,Nissle,jnissle8s@cbsnews.com,Female,58.52.38.126
318,Archy,Minchinden,aminchinden8t@sina.com.cn,Male,197.196.239.39
319,Bengt,Westraw,bwestraw8u@nih.gov,Male,212.25.64.142
320,Rena,Livesley,rlivesley8v@cbc.ca,Female,88.164.248.222
321,Corilla,Spurr,cspurr8w@ovh.net,Female,34.169.152.129
322,Tisha,Temperley,ttemperley8x@oaic.gov.au,Female,63.243.17.253
323,Dante,Eadie,deadie8y@pagesperso-orange.fr,Male,153.48.65.51
324,Sheridan,McCague,smccague8z@homestead.com,Male,71.44.193.199
325,Lane,Pharaoh,lpharaoh90@sphinn.com,Female,230.236.145.254
326,Darcey,Crookes,dcrookes91@samsung.com,Female,36.150.174.221
327,Margret,Pyatt,mpyatt92@ox.ac.uk,Female,116.220.185.254
328,Jae,Beernt,jbeernt93@tripod.com,Male,226.61.62.210
329,Heath,Tansley,htansley94@sciencedaily.com,Female,210.213.15.81
330,Lesley,Lyptrade,llyptrade95@feedburner.com,Male,1.169.68.216
331,Cammie,Shepperd,cshepperd96@marriott.com,Female,188.212.164.194
332,Gavin,Ganford,gganford97@themeforest.net,Male,190.72.134.65
333,Garwood,Mucci,gmucci98@auda.org.au,Male,243.20.180.156
334,Halley,Burtwell,hburtwell99@intel.com,Female,78.92.254.52
335,Duane,Finnimore,dfinnimore9a@yandex.ru,Male,107.1.3.213
336,Wilie,MacCaull,wmaccaull9b@360.cn,Female,247.249.143.77
337,Bartolomeo,Obin,bobin9c@naver.com,Agender,124.166.93.170
338,Mart,D'Ambrogio,mdambrogio9d@princeton.edu,Male,144.128.161.10
339,Dodi,Wake,dwake9e@economist.com,Female,237.140.142.7
340,Carmel,Jesse,cjesse9f@bloomberg.com,Female,63.207.76.204
341,Janet,Beacon,jbeacon9g@xrea.com,Female,231.240.222.116
342,Olympia,England,oengland9h@gravatar.com,Female,175.76.231.128
343,Kerwinn,Landal,klandal9i@dedecms.com,Male,230.214.47.237
344,Carl,Lighten,clighten9j@oaic.gov.au,Male,182.100.52.88
345,Gertie,Goady,ggoady9k@fda.gov,Female,218.36.69.104
346,Pearl,Gamell,pgamell9l@sourceforge.net,Female,169.135.91.23
347,Corby,Hinchcliffe,chinchcliffe9m@oakley.com,Male,22.254.184.16
348,Britt,Humberstone,bhumberstone9n@bluehost.com,Female,117.56.17.232
349,Charin,Dismore,cdismore9o@webnode.com,Female,79.250.225.64
350,Creight,Bucktharp,cbucktharp9p@amazon.co.jp,Genderfluid,115.244.162.226
351,Aliza,Azemar,aazemar9q@xinhuanet.com,Female,78.155.220.7
352,Ashli,Jedrych,ajedrych9r@skyrock.com,Female,187.139.25.185
353,Marcus,Hatchett,mhatchett9s@usatoday.com,Male,65.191.231.211
354,Rollie,Nial,rnial9t@pinterest.com,Genderfluid,92.57.61.94
355,Fields,McIlwrath,fmcilwrath9u@ocn.ne.jp,Male,68.121.100.74
356,Mathian,Brusby,mbrusby9v@artisteer.com,Male,217.93.238.253
357,Berti,Dudgeon,bdudgeon9w@icq.com,Male,220.52.41.16
358,Drew,Tefft,dtefft9x@linkedin.com,Male,197.16.189.65
359,Jenica,Bendall,jbendall9y@cisco.com,Genderqueer,23.248.196.150
360,Xylina,Culwen,xculwen9z@fastcompany.com,Female,130.63.192.196
361,Caryn,Spellacy,cspellacya0@gnu.org,Female,66.108.177.104
362,Janos,Scaplehorn,jscaplehorna1@webmd.com,Male,156.190.101.221
363,Elli,Haydn,ehaydna2@netscape.com,Female,49.57.191.62
364,Mireielle,Russan,mrussana3@reverbnation.com,Female,62.152.24.56
365,Hyacintha,Cucinotta,hcucinottaa4@disqus.com,Female,157.214.254.4
366,Errol,MacDermid,emacdermida5@barnesandnoble.com,Male,137.36.67.213
367,Clay,Di Giacomo,cdigiacomoa6@wordpress.com,Male,224.168.31.86
368,Herschel,Woodley,hwoodleya7@nytimes.com,Male,40.59.156.28
369,Lazarus,Eacott,leacotta8@stumbleupon.com,Male,90.129.98.103
370,Brigg,Beneteau,bbeneteaua9@pcworld.com,Male,150.18.100.4
371,Kerk,Swigg,kswiggaa@senate.gov,Male,36.173.168.223
372,Ingrid,Tantum,itantumab@studiopress.com,Female,128.78.63.83
373,Lawrence,Sunter,lsunterac@1und1.de,Male,106.222.209.1
374,Gerome,Leeuwerink,gleeuwerinkad@yelp.com,Male,111.118.180.98
375,Aubrey,Danels,adanelsae@clickbank.net,Female,84.205.80.122
376,Adoree,Gerssam,agerssamaf@google.pl,Female,184.87.86.243
377,Lyndy,Blaik,lblaikag@hugedomains.com,Female,202.8.218.214
378,Ariana,McCuffie,amccuffieah@netlog.com,Female,170.19.19.196
379,Rorie,Bouzek,rbouzekai@pinterest.com,Female,204.233.12.40
380,Laureen,Blunderfield,lblunderfieldaj@theatlantic.com,Female,29.255.177.17
381,Royce,Pods,rpodsak@hp.com,Male,112.65.4.184
382,Kip,Suggett,ksuggettal@berkeley.edu,Genderqueer,111.206.178.248
383,Giana,Ellams,gellamsam@ihg.com,Female,253.187.131.204
384,Loralee,McNysche,lmcnyschean@amazonaws.com,Female,70.222.9.59
385,Luce,Attenburrow,lattenburrowao@java.com,Male,38.54.81.43
386,Baillie,Christal,bchristalap@e-recht24.de,Male,130.125.183.50
387,Erica,Schimmang,eschimmangaq@tumblr.com,Agender,94.249.183.56
388,Tracey,Adshed,tadshedar@cnn.com,Female,83.185.146.11
389,Harvey,Dooly,hdoolyas@vk.com,Male,98.237.6.252
390,Lorene,Dinjes,ldinjesat@webs.com,Female,108.235.141.15
391,Jane,Fries,jfriesau@desdev.cn,Female,95.181.143.15
392,Ivar,Dod,idodav@google.ca,Male,78.169.26.7
393,Meg,Ruzicka,mruzickaaw@huffingtonpost.com,Female,4.30.220.145
394,Kenneth,Duncanson,kduncansonax@constantcontact.com,Male,125.128.59.254
395,Marlene,Caspell,mcaspellay@pinterest.com,Female,73.7.3.81
396,Haleigh,Collymore,hcollymoreaz@vimeo.com,Female,181.133.244.24
397,Linda,Gallafant,lgallafantb0@youku.com,Female,198.254.119.57
398,Danyette,Espinheira,despinheirab1@unc.edu,Female,79.5.161.203
399,Ariela,Labarre,alabarreb2@ihg.com,Female,0.25.53.248
400,Ellswerth,Wollard,ewollardb3@networksolutions.com,Male,225.194.162.91
401,Laurice,Gley,lgleyb4@printfriendly.com,Female,214.139.29.102
402,Hendrik,Knowlden,hknowldenb5@yolasite.com,Male,215.224.209.77
403,Nestor,Klees,nkleesb6@marketwatch.com,Male,89.100.179.128
404,Starlin,Godwin,sgodwinb7@simplemachines.org,Female,191.158.140.70
405,Hendrik,Axelbee,haxelbeeb8@list-manage.com,Genderfluid,113.97.101.224
406,Stephannie,Blague,sblagueb9@blogger.com,Female,140.220.205.91
407,Emmerich,Cruess,ecruessba@whitehouse.gov,Male,95.74.172.242
408,Noella,Canceller,ncancellerbb@spotify.com,Female,100.67.65.208
409,Lucy,Compson,lcompsonbc@wufoo.com,Female,205.177.76.5
410,Waylen,Annesley,wannesleybd@ezinearticles.com,Male,32.118.224.122
411,Cindee,Claye,cclayebe@cyberchimps.com,Female,27.222.173.150
412,Gabriell,Enevoldsen,genevoldsenbf@hud.gov,Female,27.179.8.33
413,Rosabella,Rihosek,rrihosekbg@narod.ru,Female,71.136.25.92
414,Bili,D'Angeli,bdangelibh@youtu.be,Female,103.135.31.232
415,Kyla,O'Donnelly,kodonnellybi@last.fm,Female,169.2.181.141
416,Tiffy,Redsell,tredsellbj@cnet.com,Female,215.17.95.79
417,Maryjane,Houseman,mhousemanbk@mapquest.com,Female,239.137.42.105
418,Elise,Seaton,eseatonbl@plala.or.jp,Female,238.4.57.231
419,Mischa,O'Glessane,moglessanebm@multiply.com,Male,132.118.221.55
420,Obadias,MacGall,omacgallbn@icio.us,Male,231.227.209.50
421,Shanan,Trye,stryebo@slashdot.org,Male,112.32.149.106
422,Duffy,Demann,ddemannbp@prnewswire.com,Male,25.188.109.149
423,Killian,Jinks,kjinksbq@xrea.com,Male,17.177.80.219
424,Frederico,Plaice,fplaicebr@list-manage.com,Male,16.184.217.223
425,Natalie,Korous,nkorousbs@mail.ru,Female,153.39.205.64
426,Juli,Killgus,jkillgusbt@typepad.com,Female,163.176.113.210
427,Romain,Roxby,rroxbybu@flickr.com,Male,139.14.213.235
428,Simonne,Coweuppe,scoweuppebv@dailymail.co.uk,Female,38.23.116.89
429,Hali,Ellam,hellambw@icq.com,Female,104.240.169.238
430,Guthrie,Hollyard,ghollyardbx@wikimedia.org,Male,122.65.91.173
431,Faun,Valentino,fvalentinoby@smugmug.com,Female,24.230.236.0
432,Muffin,Rentilll,mrentilllbz@unesco.org,Female,159.242.12.88
433,Staffard,Rignall,srignallc0@domainmarket.com,Male,170.223.205.173
434,Ab,Incogna,aincognac1@studiopress.com,Male,194.237.46.172
435,August,Rizzotto,arizzottoc2@infoseek.co.jp,Male,29.58.115.21
436,Lainey,Norcliff,lnorcliffc3@scientificamerican.com,Female,3.116.32.87
437,Ursala,Worham,uworhamc4@cnn.com,Female,223.167.124.117
438,Odille,Durman,odurmanc5@msu.edu,Female,247.63.205.33
439,Mateo,Webburn,mwebburnc6@chicagotribune.com,Male,127.121.203.52
440,Blanch,Roscam,broscamc7@psu.edu,Female,134.170.6.65
441,Nyssa,Smellie,nsmelliec8@youtu.be,Female,232.99.30.89
442,Gris,Hackforth,ghackforthc9@typepad.com,Male,43.183.143.75
443,Red,Irce,rirceca@photobucket.com,Male,26.57.179.158
444,Lurette,Fishley,lfishleycb@tumblr.com,Female,93.99.177.158
445,Nicole,Barg,nbargcc@bloglines.com,Female,223.216.191.107
446,Nikolaos,Shaul,nshaulcd@ocn.ne.jp,Male,45.133.148.137
447,Alphard,Keepin,akeepince@topsy.com,Bigender,31.135.106.77
448,Rob,Ivermee,rivermeecf@pagesperso-orange.fr,Genderqueer,146.201.254.128
449,Maggee,Yelden,myeldencg@discuz.net,Female,23.179.50.139
450,Odie,Crinson,ocrinsonch@ucla.edu,Male,148.94.89.186
451,Lola,Bartlomiej,lbartlomiejci@shareasale.com,Female,42.6.224.63
452,Thedric,Geertz,tgeertzcj@clickbank.net,Male,212.119.21.191
453,Ilario,Currer,icurrerck@dmoz.org,Male,124.20.175.43
454,Rudiger,Beyer,rbeyercl@chicagotribune.com,Male,83.231.118.50
455,Thorndike,Gosney,tgosneycm@hhs.gov,Non-binary,227.185.37.31
456,Aguie,Klimmek,aklimmekcn@furl.net,Male,142.36.207.238
457,Maisie,Janssens,mjanssensco@npr.org,Female,153.7.42.169
458,Geraldine,Clews,gclewscp@t-online.de,Female,242.125.16.244
459,Hubey,Becker,hbeckercq@harvard.edu,Male,132.50.212.73
460,Brit,Vido,bvidocr@blog.com,Male,44.69.129.192
461,Chauncey,Jerok,cjerokcs@typepad.com,Male,160.90.54.106
462,Keri,Lowton,klowtonct@furl.net,Female,13.51.113.18
463,Teddy,Adolfsen,tadolfsencu@etsy.com,Male,118.190.42.54
464,Ursa,Francie,ufranciecv@japanpost.jp,Female,128.16.144.178
465,Reynolds,Mc Carroll,rmccarrollcw@networksolutions.com,Male,187.15.223.7
466,Stearne,O'Driscoll,sodriscollcx@howstuffworks.com,Male,98.18.87.201
467,Findlay,Goodburn,fgoodburncy@elpais.com,Male,173.210.79.132
468,Thedric,Donoghue,tdonoghuecz@joomla.org,Male,236.146.125.66
469,Ruby,Twigger,rtwiggerd0@scribd.com,Male,208.4.194.77
470,Margarita,Esposita,mespositad1@cisco.com,Female,70.234.6.90
471,Jacques,Dable,jdabled2@soundcloud.com,Male,39.105.138.39
472,Eberto,Sherburn,esherburnd3@wiley.com,Male,0.121.12.60
473,Walther,Fowley,wfowleyd4@creativecommons.org,Male,245.151.156.183
474,Waite,Rene,wrened5@diigo.com,Male,45.105.23.236
475,Benedicto,Nutt,bnuttd6@weibo.com,Male,14.28.19.226
476,Hashim,Able,habled7@nationalgeographic.com,Bigender,174.235.121.141
477,Ado,Kenworth,akenworthd8@soup.io,Genderfluid,180.169.86.163
478,Allina,Goldfinch,agoldfinchd9@mac.com,Female,224.191.90.229
479,Carlita,Cogdon,ccogdonda@paypal.com,Female,118.199.8.238
480,Trisha,Banfill,tbanfilldb@eventbrite.com,Female,30.168.203.28
481,Cal,Heathwood,cheathwooddc@pinterest.com,Female,62.93.200.159
482,Melva,Crolla,mcrolladd@lulu.com,Non-binary,143.147.243.192
483,Kira,Bonallack,kbonallackde@nifty.com,Female,38.98.17.150
484,Clerkclaude,Fishbourn,cfishbourndf@tinyurl.com,Genderfluid,132.30.98.188
485,Lynett,Schober,lschoberdg@ted.com,Female,187.93.178.80
486,Godard,Hawkins,ghawkinsdh@ehow.com,Male,174.113.103.107
487,Adore,Denisyev,adenisyevdi@netscape.com,Female,185.171.151.193
488,Liuka,Perrygo,lperrygodj@tinypic.com,Female,159.97.31.87
489,Arabella,Verring,averringdk@blogs.com,Female,80.5.144.142
490,Shalom,Jados,sjadosdl@ox.ac.uk,Bigender,34.210.196.59
491,Isabelle,Jex,ijexdm@spiegel.de,Female,143.96.157.35
492,Doe,Message,dmessagedn@gov.uk,Female,76.120.191.43
493,Gideon,Jefford,gjefforddo@odnoklassniki.ru,Male,152.3.170.209
494,Arty,Stearne,astearnedp@moonfruit.com,Male,106.42.196.244
495,Keary,Cowland,kcowlanddq@creativecommons.org,Male,147.135.122.167
496,Isadora,Stowers,istowersdr@bizjournals.com,Polygender,119.2.86.65
497,Wallis,Beininck,wbeininckds@ehow.com,Female,31.124.251.11
498,Dagny,Wagstaffe,dwagstaffedt@mapy.cz,Male,51.25.253.11
499,Brandea,Placido,bplacidodu@indiatimes.com,Female,218.97.149.214
500,Kristien,Goodboddy,kgoodboddydv@uiuc.edu,Female,18.119.216.146
501,Ezekiel,Pattillo,epattillodw@usgs.gov,Male,106.141.42.61
502,Osmund,Lebreton,olebretondx@uiuc.edu,Male,119.207.104.19
503,Pinchas,Mountney,pmountneydy@ezinearticles.com,Male,201.220.139.22
504,Orly,Rookesby,orookesbydz@edublogs.org,Female,166.62.71.173
505,Glyn,Swayton,gswaytone0@psu.edu,Polygender,116.69.33.165
506,Roseline,Jakoub,rjakoube1@nytimes.com,Female,29.203.144.251
507,Cece,Parlatt,cparlatte2@wiley.com,Male,90.206.216.159
508,Sandor,Yegorev,syegoreve3@devhub.com,Male,226.134.74.16
509,Carly,Bryer,cbryere4@miitbeian.gov.cn,Female,247.29.247.182
510,Philippine,Reame,preamee5@google.ru,Female,22.119.90.92
511,Sybyl,Swallwell,sswallwelle6@usnews.com,Genderfluid,44.130.196.188
512,Iorgos,Nortcliffe,inortcliffee7@chronoengine.com,Male,58.7.40.5
513,Zed,Ricket,zrickete8@cam.ac.uk,Male,63.186.213.37
514,Stefa,Ruane,sruanee9@auda.org.au,Female,70.216.158.183
515,Hewitt,Cobbing,hcobbingea@furl.net,Male,141.82.10.167
516,Gideon,Ashling,gashlingeb@clickbank.net,Male,154.254.7.249
517,Milzie,Idill,midillec@rediff.com,Female,255.174.139.218
518,Rodie,Garrals,rgarralsed@mapquest.com,Female,215.78.126.15
519,Netty,Guppy,nguppyee@aboutads.info,Female,104.146.28.184
520,Darnell,Klezmski,dklezmskief@netvibes.com,Male,75.81.95.135
521,Alain,Beavon,abeavoneg@mayoclinic.com,Male,167.27.239.116
522,Melisent,Shirtliff,mshirtliffeh@mozilla.org,Female,69.87.207.204
523,Georgina,Brinicombe,gbrinicombeei@shop-pro.jp,Female,237.217.174.61
524,Wes,Isaq,wisaqej@wiley.com,Male,157.57.151.176
525,Marybelle,Hazelgrove,mhazelgroveek@nbcnews.com,Female,134.216.107.92
526,Harlin,Marton,hmartonel@bbc.co.uk,Male,90.145.1.68
527,Wilmette,Lunt,wluntem@freewebs.com,Female,236.108.214.207
528,Isidoro,Quinevan,iquinevanen@theguardian.com,Genderfluid,203.54.166.45
529,Doll,Tomini,dtominieo@adobe.com,Female,214.0.31.28
530,Josie,McGarry,jmcgarryep@hud.gov,Female,138.235.110.10
531,Chadd,McBryde,cmcbrydeeq@dot.gov,Male,25.5.7.80
532,Nalani,Knutton,nknuttoner@ted.com,Female,9.118.227.255
533,Klaus,Pleasants,kpleasantses@bbc.co.uk,Male,154.227.21.218
534,Flin,Dufty,fduftyet@e-recht24.de,Male,231.247.182.115
535,Eward,Markovic,emarkoviceu@vimeo.com,Male,101.221.50.12
536,Adham,Hynard,ahynardev@simplemachines.org,Bigender,155.165.24.14
537,Jacintha,Minty,jmintyew@nymag.com,Genderqueer,213.82.151.16
538,Myrtie,Ahrens,mahrensex@unicef.org,Polygender,89.203.244.250
539,Kellia,Glazer,kglazerey@chron.com,Female,141.242.6.234
540,Linc,Domengue,ldomengueez@guardian.co.uk,Male,134.36.232.98
541,Hagen,McComiskey,hmccomiskeyf0@zimbio.com,Male,113.42.35.97
542,Jacquenetta,Oakenford,joakenfordf1@amazon.co.uk,Female,115.230.106.252
543,Falito,McPhater,fmcphaterf2@sfgate.com,Genderqueer,227.143.194.72
544,Joya,Belbin,jbelbinf3@edublogs.org,Female,54.58.199.26
545,Langsdon,Camelli,lcamellif4@wisc.edu,Male,3.230.40.216
546,Galina,Skett,gskettf5@google.pl,Female,246.105.194.72
547,Nancee,Jorry,njorryf6@vk.com,Female,0.196.198.98
548,Cynthie,Castillou,ccastillouf7@yellowbook.com,Female,0.89.96.233
549,Kennie,Daenen,kdaenenf8@phpbb.com,Male,106.241.0.31
550,Brnaba,Chagg,bchaggf9@mlb.com,Male,217.250.86.240
551,Erv,Jeannin,ejeanninfa@abc.net.au,Male,155.160.202.31
552,Esma,Jewsbury,ejewsburyfb@mlb.com,Female,120.151.101.68
553,Brice,Heber,bheberfc@google.co.uk,Male,15.207.66.233
554,Monika,Bloore,mbloorefd@tmall.com,Female,122.203.210.57
555,Silvana,Chilcotte,schilcottefe@360.cn,Female,92.130.71.200
556,Thea,De Bernardis,tdebernardisff@washingtonpost.com,Female,180.233.123.201
557,Courtney,Elleton,celletonfg@studiopress.com,Male,203.130.66.89
558,Harold,McGlade,hmcgladefh@phoca.cz,Non-binary,209.92.74.32
559,Valma,Parken,vparkenfi@house.gov,Female,49.253.98.194
560,Alvan,Brogini,abroginifj@oaic.gov.au,Male,204.39.140.242
561,Carolan,Lassey,classeyfk@infoseek.co.jp,Female,79.138.197.208
562,Lela,Thaxton,lthaxtonfl@live.com,Female,107.251.99.28
563,Collette,Spawell,cspawellfm@princeton.edu,Female,90.66.211.200
564,Carol,Banaszczyk,cbanaszczykfn@fastcompany.com,Non-binary,11.215.241.230
565,Terra,Harwood,tharwoodfo@sciencedirect.com,Female,101.167.180.196
566,Evangelin,Heeks,eheeksfp@cdc.gov,Female,104.221.255.193
567,Perri,Daton,pdatonfq@liveinternet.ru,Female,105.121.127.144
568,Harlin,Edeson,hedesonfr@apple.com,Male,131.247.154.202
569,Ariana,Rider,ariderfs@elegantthemes.com,Female,200.204.0.21
570,Kassie,McClunaghan,kmcclunaghanft@cyberchimps.com,Female,61.27.175.153
571,Nickolai,Christal,nchristalfu@cmu.edu,Male,115.218.112.59
572,Keri,Vannini,kvanninifv@mayoclinic.com,Female,174.154.244.47
573,Becka,Dionsetto,bdionsettofw@opera.com,Female,137.252.67.84
574,Livvyy,Callendar,lcallendarfx@hubpages.com,Female,179.13.47.130
575,Barny,Ucceli,buccelify@bizjournals.com,Polygender,76.208.232.221
576,Sissie,Liccardi,sliccardifz@nhs.uk,Female,164.157.60.79
577,Nomi,Hayes,nhayesg0@hud.gov,Female,130.178.226.99
578,Cary,Veltman,cveltmang1@domainmarket.com,Female,25.100.57.120
579,Gilbert,Tomkies,gtomkiesg2@yahoo.co.jp,Male,112.137.27.64
580,Bradan,Amthor,bamthorg3@sun.com,Male,31.10.250.66
581,Christy,Ellerker,cellerkerg4@blogs.com,Male,162.207.9.31
582,Dena,Harmant,dharmantg5@craigslist.org,Genderfluid,16.249.57.64
583,Avery,Gleeson,agleesong6@redcross.org,Male,63.199.187.136
584,Mommy,De Gogay,mdegogayg7@columbia.edu,Bigender,22.238.144.159
585,Quentin,Crellin,qcrelling8@weather.com,Male,15.36.57.143
586,Louisette,Sykes,lsykesg9@slideshare.net,Female,117.103.27.7
587,Prudy,Cosgreave,pcosgreavega@netscape.com,Female,114.79.250.186
588,Calypso,Gillivrie,cgillivriegb@reuters.com,Female,25.240.212.216
589,Pedro,Fronczak,pfronczakgc@columbia.edu,Male,56.72.108.215
590,Carmita,Mulran,cmulrangd@parallels.com,Female,125.127.32.145
591,Oren,Duckers,oduckersge@google.com.hk,Male,59.30.94.241
592,Rozelle,Kenrat,rkenratgf@mozilla.com,Female,203.226.4.45
593,Ricki,Wandrich,rwandrichgg@aol.com,Male,30.243.231.220
594,Ramon,Albasini,ralbasinigh@is.gd,Male,168.42.250.205
595,Helga,Immings,himmingsgi@businessinsider.com,Female,74.117.144.9
596,Sigismondo,Curtain,scurtaingj@constantcontact.com,Male,53.177.168.74
597,Roxane,Jovanovic,rjovanovicgk@fema.gov,Female,82.36.95.56
598,Barn,Chantree,bchantreegl@shinystat.com,Male,176.87.117.112
599,Carson,De Ferraris,cdeferrarisgm@latimes.com,Male,103.141.80.227
600,Timoteo,Waring,twaringgn@dagondesign.com,Male,76.89.160.155
601,Gertrud,Minghi,gminghigo@hatena.ne.jp,Female,43.183.27.124
602,Nadean,Parry,nparrygp@typepad.com,Female,227.201.7.208
603,Tony,Speere,tspeeregq@unblog.fr,Polygender,84.135.222.61
604,Florry,Trubshaw,ftrubshawgr@vimeo.com,Female,177.46.59.131
605,Penn,Sandey,psandeygs@geocities.jp,Male,107.183.177.188
606,Beauregard,De Mattia,bdemattiagt@dot.gov,Male,111.47.209.19
607,Marlena,Dyne,mdynegu@purevolume.com,Female,72.166.49.109
608,Donalt,Lowle,dlowlegv@vkontakte.ru,Male,252.90.30.106
609,Tybie,Aiston,taistongw@ftc.gov,Female,130.138.59.119
610,Petey,Shillaker,pshillakergx@imgur.com,Male,227.210.17.235
611,Shell,Garman,sgarmangy@booking.com,Male,226.93.152.136
612,Hilarius,Hawtrey,hhawtreygz@epa.gov,Male,195.86.217.197
613,Dane,Embery,demberyh0@freewebs.com,Male,32.65.19.228
614,Tedman,Dymick,tdymickh1@rakuten.co.jp,Male,84.154.66.165
615,Tanhya,Di Baudi,tdibaudih2@yale.edu,Female,102.114.6.149
616,Rosaline,Wheeliker,rwheelikerh3@multiply.com,Female,97.116.109.9
617,Amery,Boyce,aboyceh4@va.gov,Male,194.226.225.202
618,Britney,Baynard,bbaynardh5@wired.com,Female,5.69.202.67
619,Stefan,Falla,sfallah6@unicef.org,Male,78.58.235.101
620,Sabine,Burrass,sburrassh7@skype.com,Female,205.213.152.192
621,Papagena,Berthouloume,pberthouloumeh8@com.com,Female,52.165.93.219
622,Shelley,Cuberley,scuberleyh9@springer.com,Female,70.73.86.74
623,Garvy,Farbrace,gfarbraceha@jigsy.com,Male,7.211.126.26
624,Shelagh,Lillee,slilleehb@comcast.net,Female,113.230.141.217
625,Katrina,Cheshire,kcheshirehc@is.gd,Female,12.186.175.204
626,Claudine,Geely,cgeelyhd@disqus.com,Female,72.191.159.178
627,Irving,Anear,ianearhe@usnews.com,Male,229.189.136.98
628,Mahala,Flintuff,mflintuffhf@goodreads.com,Female,176.87.220.165
629,Harrie,Comins,hcominshg@phoca.cz,Female,121.173.163.186
630,Julie,Laydel,jlaydelhh@bandcamp.com,Male,101.104.240.142
631,Lora,Matzl,lmatzlhi@hp.com,Female,239.0.93.7
632,Reggy,Hawe,rhawehj@technorati.com,Male,183.147.43.28
633,Riordan,Mulvey,rmulveyhk@blogtalkradio.com,Male,233.22.0.172
634,Hamish,Neasham,hneashamhl@bluehost.com,Male,13.97.215.5
635,Kyle,Hurdwell,khurdwellhm@wordpress.org,Female,236.235.106.48
636,Ralina,Redhouse,rredhousehn@youku.com,Female,213.240.88.127
637,Amberly,Couzens,acouzensho@t.co,Female,159.186.60.182
638,Yancy,Luter,yluterhp@nature.com,Male,247.195.119.200
639,Vivianna,Cornehl,vcornehlhq@boston.com,Female,5.193.148.73
640,Fifi,Bidder,fbidderhr@github.com,Female,136.232.94.94
641,Phillipe,Wyeld,pwyeldhs@howstuffworks.com,Male,95.70.20.166
642,Dieter,Frohock,dfrohockht@theguardian.com,Agender,181.239.243.154
643,Herrick,Dobbs,hdobbshu@utexas.edu,Male,57.186.197.112
644,Mair,Domerq,mdomerqhv@dailymail.co.uk,Female,31.135.119.41
645,Arlen,Klulisek,aklulisekhw@amazon.de,Male,113.87.21.189
646,Moina,Novotna,mnovotnahx@vistaprint.com,Female,237.224.175.52
647,Deeann,Wintour,dwintourhy@purevolume.com,Female,62.135.123.67
648,Jakob,Cottam,jcottamhz@canalblog.com,Male,121.77.143.248
649,Tony,Stelfax,tstelfaxi0@ca.gov,Male,186.2.111.225
650,Lorenzo,Lordon,llordoni1@smh.com.au,Male,190.128.214.139
651,Kristo,Dafforne,kdaffornei2@mail.ru,Male,174.232.182.196
652,Deanne,Swafford,dswaffordi3@slideshare.net,Female,199.238.72.24
653,Aldric,Kirckman,akirckmani4@mozilla.com,Male,150.162.57.81
654,Roderick,Eddie,reddiei5@ovh.net,Male,193.110.71.70
655,Mehetabel,Goodband,mgoodbandi6@craigslist.org,Female,92.59.13.76
656,Jannelle,Hambers,jhambersi7@usda.gov,Non-binary,176.7.236.34
657,Carlie,Davidzon,cdavidzoni8@vkontakte.ru,Male,18.40.162.36
658,Harlie,Stryde,hstrydei9@seattletimes.com,Female,168.130.98.202
659,Ambrosio,Bleas,ableasia@indiatimes.com,Bigender,58.187.171.56
660,Phineas,Lornsen,plornsenib@yolasite.com,Male,5.221.244.104
661,Mannie,Cricket,mcricketic@amazonaws.com,Male,177.230.16.51
662,Gregoor,Phelan,gphelanid@behance.net,Male,162.117.233.19
663,Jethro,Chrishop,jchrishopie@constantcontact.com,Male,162.133.116.71
664,Celesta,Palumbo,cpalumboif@acquirethisname.com,Female,61.97.119.159
665,Major,Brik,mbrikig@abc.net.au,Male,101.157.60.50
666,Stella,Armsby,sarmsbyih@lycos.com,Female,61.191.71.226
667,Giacopo,Kitteridge,gkitteridgeii@usda.gov,Male,188.19.113.59
668,Cello,Gillivrie,cgillivrieij@stanford.edu,Male,118.207.69.13
669,Antonio,Oels,aoelsik@state.gov,Male,90.112.129.37
670,Brnaby,Pulster,bpulsteril@hc360.com,Male,193.54.161.28
671,Giselle,Tabourin,gtabourinim@paginegialle.it,Female,70.211.71.193
672,Fionnula,Combes,fcombesin@ted.com,Female,12.126.249.159
673,Brigitta,Renols,brenolsio@jigsy.com,Female,107.57.87.116
674,Krystal,Walmsley,kwalmsleyip@diigo.com,Female,248.82.223.138
675,Rhett,Pawfoot,rpawfootiq@topsy.com,Male,162.134.146.135
676,Basia,Arter,barterir@wikimedia.org,Female,113.126.191.227
677,Sibella,Lambdon,slambdonis@storify.com,Female,119.41.66.245
678,Pren,Asken,paskenit@ft.com,Male,149.187.107.195
679,Andriette,Shurville,ashurvilleiu@marriott.com,Female,253.245.124.186
680,Roxane,Casseldine,rcasseldineiv@google.co.jp,Female,110.16.7.80
681,Marchelle,Morrish,mmorrishiw@creativecommons.org,Female,175.86.144.152
682,Bartie,Rutherforth,brutherforthix@so-net.ne.jp,Male,170.129.241.123
683,Odille,Winton,owintoniy@usa.gov,Female,133.29.41.18
684,Dalston,Poluzzi,dpoluzziiz@phoca.cz,Male,45.255.202.18
685,Humfrid,Chable,hchablej0@symantec.com,Male,163.25.186.82
686,Enrique,Revie,ereviej1@acquirethisname.com,Male,145.46.172.73
687,Sherm,Wickins,swickinsj2@sun.com,Male,38.126.160.246
688,Ansell,McCullum,amccullumj3@drupal.org,Male,252.153.219.166
689,Anna-maria,Morson,amorsonj4@mashable.com,Female,3.135.23.221
690,Denys,Bickford,dbickfordj5@istockphoto.com,Male,133.82.211.41
691,Shel,Huthart,shuthartj6@chronoengine.com,Female,118.149.5.4
692,Atlanta,Garrick,agarrickj7@theglobeandmail.com,Female,18.112.179.19
693,Hazlett,Spawell,hspawellj8@tumblr.com,Male,87.76.100.205
694,Esme,Bowles,ebowlesj9@jiathis.com,Male,74.131.155.244
695,Dinnie,Bradley,dbradleyja@comcast.net,Female,179.252.169.165
696,Renata,Melville,rmelvillejb@shutterfly.com,Female,98.223.254.247
697,Findley,Wrefford,fwreffordjc@ow.ly,Male,177.143.199.249
698,Jason,Lebarree,jlebarreejd@csmonitor.com,Male,170.177.73.180
699,Shell,McDunlevy,smcdunlevyje@google.cn,Female,41.117.166.234
700,Leanna,Czapla,lczaplajf@jiathis.com,Female,148.177.249.104
701,Myron,Splevin,msplevinjg@surveymonkey.com,Male,194.248.5.43
702,Fraze,Moring,fmoringjh@yelp.com,Male,240.190.201.236
703,Urban,McCurlye,umccurlyeji@dropbox.com,Genderfluid,192.106.108.207
704,Bartel,Playford,bplayfordjj@is.gd,Genderfluid,40.2.243.49
705,Mose,Dowzell,mdowzelljk@lycos.com,Male,73.14.57.45
706,Jennilee,Ringham,jringhamjl@webnode.com,Polygender,95.43.164.78
707,Shirline,Weblin,sweblinjm@google.com.au,Female,234.73.37.112
708,Charley,Russon,crussonjn@abc.net.au,Male,47.183.36.193
709,Rozalie,Splevin,rsplevinjo@sina.com.cn,Female,172.100.56.50
710,Sylvia,Mallett,smallettjp@nasa.gov,Female,220.246.122.239
711,Friederike,Goburn,fgoburnjq@ucsd.edu,Female,175.211.118.254
712,Isidoro,Finders,ifindersjr@google.it,Male,27.62.250.4
713,Janelle,Shakle,jshaklejs@arizona.edu,Female,53.198.1.195
714,Donavon,Eede,deedejt@ehow.com,Male,197.112.41.159
715,Wilie,Westhead,wwestheadju@plala.or.jp,Female,234.174.234.62
716,Sanford,Chatwin,schatwinjv@economist.com,Agender,59.129.190.13
717,Bernardo,Falkous,bfalkousjw@virginia.edu,Male,73.58.225.36
718,Roma,Donisi,rdonisijx@taobao.com,Male,25.230.34.153
719,Lavinia,Gorick,lgorickjy@freewebs.com,Female,159.171.219.15
720,Rancell,Gingel,rgingeljz@cloudflare.com,Male,233.225.80.142
721,Rogers,Mila,rmilak0@mac.com,Male,217.43.1.52
722,Felic,Issacoff,fissacoffk1@domainmarket.com,Male,113.158.120.100
723,Terry,Cogle,tcoglek2@google.ca,Male,203.1.110.57
724,Nerti,Antonucci,nantonuccik3@gizmodo.com,Female,192.18.135.208
725,Lorelei,Cayet,lcayetk4@baidu.com,Female,138.172.138.121
726,Donelle,Boggas,dboggask5@linkedin.com,Non-binary,92.70.137.254
727,Puff,Ryan,pryank6@zdnet.com,Male,1.227.71.212
728,Cletus,Payle,cpaylek7@jiathis.com,Male,189.239.23.55
729,Henrietta,Buller,hbullerk8@intel.com,Female,7.240.123.75
730,Wilek,Tume,wtumek9@phoca.cz,Male,78.120.212.243
731,Shandeigh,Taylor,staylorka@alibaba.com,Female,5.98.240.155
732,Alis,Garnham,agarnhamkb@economist.com,Female,136.244.134.222
733,Doria,Caney,dcaneykc@fema.gov,Female,72.255.143.215
734,Maxy,Collcott,mcollcottkd@furl.net,Male,67.193.232.181
735,Gerick,Smallcombe,gsmallcombeke@nih.gov,Male,28.184.192.164
736,Olenka,Cunnane,ocunnanekf@si.edu,Genderfluid,154.211.68.163
737,Teddy,Jefford,tjeffordkg@vistaprint.com,Male,68.171.191.11
738,Artur,Feavearyear,afeavearyearkh@seattletimes.com,Male,0.11.123.216
739,Tomasine,Walsh,twalshki@altervista.org,Female,36.117.64.116
740,Bary,Behan,bbehankj@noaa.gov,Male,234.6.6.71
741,Kameko,McIlmorie,kmcilmoriekk@marketwatch.com,Female,168.202.114.77
742,Desmond,Hadgkiss,dhadgkisskl@bandcamp.com,Male,141.226.214.29
743,Curcio,Gianneschi,cgianneschikm@deviantart.com,Male,224.119.75.202
744,Jethro,Heinschke,jheinschkekn@shareasale.com,Male,39.209.5.174
745,Keeley,O'Giany,kogianyko@abc.net.au,Female,0.173.181.205
746,Jobyna,Rennard,jrennardkp@xinhuanet.com,Female,52.142.167.95
747,Etheline,Veillard,eveillardkq@un.org,Female,162.91.228.186
748,Elbertina,Burgwin,eburgwinkr@elegantthemes.com,Female,186.47.2.186
749,Grace,Burgum,gburgumks@aol.com,Female,165.94.211.166
750,Corrine,Sandars,csandarskt@umich.edu,Female,236.168.112.56
751,Deedee,Vondrach,dvondrachku@sphinn.com,Female,168.13.220.101
752,Onida,Sprakes,osprakeskv@constantcontact.com,Female,106.39.71.48
753,Clerissa,Reubel,creubelkw@wp.com,Female,252.185.138.118
754,Fanechka,Rolland,frollandkx@scribd.com,Female,210.176.0.6
755,Coleman,Maciunas,cmaciunasky@cnbc.com,Genderqueer,194.243.141.43
756,Urson,Marcus,umarcuskz@europa.eu,Male,56.78.177.246
757,Whittaker,Corradengo,wcorradengol0@nytimes.com,Male,226.8.128.172
758,Mabel,McQuin,mmcquinl1@bravesites.com,Female,136.212.130.238
759,Bernard,Chippin,bchippinl2@cocolog-nifty.com,Male,85.172.20.32
760,Florentia,Borrott,fborrottl3@columbia.edu,Genderqueer,3.235.95.250
761,Thorn,Philcox,tphilcoxl4@tiny.cc,Male,6.148.56.199
762,Skippie,Aspin,saspinl5@army.mil,Male,140.209.124.75
763,Lory,Mitchall,lmitchalll6@stanford.edu,Female,96.3.51.88
764,Morris,Kimmings,mkimmingsl7@guardian.co.uk,Male,123.159.148.149
765,Alisun,Hrinchenko,ahrinchenkol8@xing.com,Female,123.154.152.90
766,Damien,Wanderschek,dwanderschekl9@amazon.com,Male,43.154.19.159
767,Steven,Routley,sroutleyla@google.ru,Male,70.40.56.169
768,Naomi,Krugmann,nkrugmannlb@loc.gov,Female,155.1.212.111
769,Agnese,Remmer,aremmerlc@uiuc.edu,Female,250.212.27.239
770,Suzy,Overpool,soverpoolld@cbslocal.com,Female,59.214.141.44
771,Dorotea,Kroger,dkrogerle@hexun.com,Female,90.31.249.199
772,Mair,Dulinty,mdulintylf@soup.io,Female,196.5.140.204
773,Giovanni,McArthur,gmcarthurlg@imageshack.us,Male,15.63.75.221
774,Gill,Coomber,gcoomberlh@fda.gov,Male,11.24.214.255
775,Koo,Quig,kquigli@bloomberg.com,Female,198.119.243.98
776,Noe,Eddis,neddislj@washingtonpost.com,Male,121.87.172.215
777,Mufinella,Warwick,mwarwicklk@cmu.edu,Female,164.124.178.169
778,Addie,Greensides,agreensidesll@zimbio.com,Male,34.41.228.215
779,Fowler,Pisculli,fpiscullilm@google.ca,Male,84.9.190.46
780,Jacquette,Brothwell,jbrothwellln@netlog.com,Genderqueer,109.198.47.48
781,Gerhardt,Trott,gtrottlo@cisco.com,Agender,38.126.90.177
782,Neddie,Jemmison,njemmisonlp@bbc.co.uk,Male,142.202.146.113
783,Hetti,Arnoud,harnoudlq@walmart.com,Female,42.134.198.64
784,Taffy,Rhodes,trhodeslr@github.io,Female,178.181.171.246
785,Brendin,Earthfield,bearthfieldls@prnewswire.com,Male,15.66.84.80
786,Evelyn,O' Hogan,eohoganlt@webnode.com,Female,195.7.110.189
787,Kimball,Heersema,kheersemalu@ameblo.jp,Male,251.115.201.199
788,Adler,Lisciandro,alisciandrolv@virginia.edu,Male,194.244.115.190
789,Frederigo,Gowry,fgowrylw@time.com,Male,215.123.103.89
790,Queenie,Sheers,qsheerslx@spotify.com,Bigender,87.17.9.119
791,Kessiah,Santer,ksanterly@home.pl,Bigender,121.205.103.87
792,Karlyn,Petican,kpeticanlz@va.gov,Female,254.166.85.44
793,Drugi,Warlaw,dwarlawm0@wufoo.com,Male,183.148.183.222
794,Jacki,Glaum,jglaumm1@furl.net,Female,10.30.142.103
795,Roderick,Fadden,rfaddenm2@intel.com,Male,106.44.170.142
796,Niels,Lesslie,nlessliem3@mlb.com,Male,242.128.185.129
797,Joshuah,Gaffey,jgaffeym4@rakuten.co.jp,Male,49.93.164.54
798,Nikolas,Vasilyonok,nvasilyonokm5@myspace.com,Male,225.84.173.221
799,Hal,Durnall,hdurnallm6@ted.com,Male,175.159.12.236
800,Clyve,Mannie,cmanniem7@hud.gov,Bigender,181.44.35.172
801,Milissent,Haddacks,mhaddacksm8@wsj.com,Female,148.163.21.6
802,Daryl,Stiff,dstiffm9@deviantart.com,Male,163.40.30.142
803,Dieter,Benitez,dbenitezma@technorati.com,Male,118.212.146.3
804,Danny,Colgan,dcolganmb@mlb.com,Male,244.185.207.223
805,Hermie,Dzenisenka,hdzenisenkamc@vistaprint.com,Male,243.165.134.232
806,Taddeusz,Tippin,ttippinmd@sina.com.cn,Male,95.215.50.14
807,Vere,Hammerberg,vhammerbergme@pbs.org,Female,100.24.248.157
808,Cyb,Challender,cchallendermf@webnode.com,Genderfluid,250.125.3.252
809,Willard,Jiran,wjiranmg@dyndns.org,Male,70.188.225.58
810,Basile,Sprague,bspraguemh@ycombinator.com,Male,173.169.61.161
811,Starr,Utridge,sutridgemi@nih.gov,Female,187.228.160.0
812,Rani,Cleevely,rcleevelymj@wikispaces.com,Female,244.128.34.101
813,Sinclair,Hamon,shamonmk@printfriendly.com,Male,175.63.114.192
814,Sheffield,Nowill,snowillml@mashable.com,Male,222.145.192.144
815,Lenora,Sodeau,lsodeaumm@tinyurl.com,Female,21.130.239.173
816,Marylinda,Gowers,mgowersmn@timesonline.co.uk,Female,47.30.6.163
817,Lovell,Piens,lpiensmo@i2i.jp,Male,252.77.227.108
818,Jordon,Fulleylove,jfulleylovemp@csmonitor.com,Male,252.93.251.131
819,Kele,Sessions,ksessionsmq@blog.com,Male,206.220.85.169
820,Whitney,Ebbs,webbsmr@is.gd,Male,162.106.218.111
821,Chelsae,Kidsley,ckidsleyms@storify.com,Female,190.114.110.102
822,Shena,Kainz,skainzmt@godaddy.com,Female,194.206.224.175
823,Yance,Plumtree,yplumtreemu@admin.ch,Male,77.110.42.159
824,Juliana,Batt,jbattmv@tamu.edu,Female,94.56.217.188
825,Augustin,Lansdale,alansdalemw@ftc.gov,Non-binary,131.141.180.133
826,Charmine,Fance,cfancemx@shinystat.com,Female,19.9.179.199
827,Gregg,Brandenburg,gbrandenburgmy@dropbox.com,Male,193.244.16.230
828,Susie,Ealden,sealdenmz@edublogs.org,Genderqueer,52.19.239.150
829,Tyrus,Manktelow,tmanktelown0@statcounter.com,Male,159.189.102.154
830,Cory,Facchini,cfacchinin1@cargocollective.com,Female,3.193.199.223
831,Lib,Penning,lpenningn2@facebook.com,Female,121.68.33.95
832,Carie,Krochmann,ckrochmannn3@senate.gov,Female,178.31.96.60
833,Dorotea,Metschke,dmetschken4@wp.com,Female,3.30.240.21
834,Tandy,Damant,tdamantn5@house.gov,Female,182.56.101.203
835,Deerdre,Aireton,dairetonn6@eepurl.com,Female,168.93.9.119
836,Brittani,Ringham,bringhamn7@va.gov,Female,237.129.99.229
837,Nels,Ferrai,nferrain8@1688.com,Male,60.240.89.78
838,Gregorio,Meni,gmenin9@hexun.com,Male,9.87.143.233
839,Cord,Ahern,cahernna@dyndns.org,Male,17.244.38.246
840,Horatio,Pairpoint,hpairpointnb@oaic.gov.au,Genderqueer,3.202.119.201
841,Corliss,Elvy,celvync@state.tx.us,Female,36.92.220.110
842,Blisse,Varfolomeev,bvarfolomeevnd@desdev.cn,Genderfluid,195.69.134.92
843,Brandise,McGlue,bmcgluene@army.mil,Female,101.52.58.176
844,Vern,Stannett,vstannettnf@berkeley.edu,Male,55.46.47.235
845,Meggy,Banfill,mbanfillng@meetup.com,Female,148.148.177.188
846,Clifford,Januszewski,cjanuszewskinh@bing.com,Male,146.7.141.146
847,Massimo,Bartaletti,mbartalettini@sciencedirect.com,Male,134.37.36.149
848,Rodina,Rings,rringsnj@smh.com.au,Female,215.79.228.196
849,Daffie,Ziemsen,dziemsennk@amazon.co.uk,Female,118.99.215.231
850,Jarred,Walaron,jwalaronnl@devhub.com,Male,76.94.1.187
851,Northrop,Laurant,nlaurantnm@adobe.com,Male,217.16.42.235
852,Adeline,Breckell,abreckellnn@java.com,Female,56.54.17.51
853,Roxanna,Phelipeaux,rphelipeauxno@booking.com,Female,47.49.65.191
854,Tristan,Parley,tparleynp@wp.com,Male,140.57.60.81
855,Stanislaus,O' Hogan,sohogannq@purevolume.com,Male,209.71.124.138
856,Geordie,Noseworthy,gnoseworthynr@myspace.com,Male,25.20.92.183
857,Renard,Keems,rkeemsns@census.gov,Male,87.200.241.223
858,Ashli,Paish,apaishnt@pbs.org,Female,75.27.251.23
859,Nero,Bayns,nbaynsnu@elegantthemes.com,Male,24.125.28.163
860,Sadye,Boissier,sboissiernv@homestead.com,Female,23.52.89.21
861,Gustav,Dennett,gdennettnw@cnet.com,Male,162.235.206.30
862,Brandea,Goodisson,bgoodissonnx@1688.com,Female,57.112.174.10
863,Hamlin,Beachem,hbeachemny@tripod.com,Male,66.155.24.121
864,Evelina,Ellison,eellisonnz@facebook.com,Female,248.122.20.126
865,Federica,Steventon,fsteventono0@army.mil,Female,189.16.221.139
866,Tova,Milier,tmiliero1@cargocollective.com,Genderfluid,139.159.81.109
867,Kacey,Geroldo,kgeroldoo2@apple.com,Female,129.43.13.130
868,Eward,Tiffany,etiffanyo3@ca.gov,Male,164.154.237.14
869,Roger,Flexman,rflexmano4@sbwire.com,Male,211.162.56.237
870,Carson,Sommerville,csommervilleo5@seattletimes.com,Male,14.12.194.235
871,Caressa,Cicculi,ccicculio6@prnewswire.com,Female,178.133.122.185
872,Aymer,Fidgin,afidgino7@amazon.co.uk,Male,199.30.93.211
873,Terrijo,Forrest,tforresto8@time.com,Female,12.116.130.241
874,Yevette,Beardall,ybeardallo9@japanpost.jp,Female,193.94.243.240
875,Benetta,Younger,byoungeroa@ft.com,Female,30.44.36.9
876,Bayard,Forrest,bforrestob@deliciousdays.com,Male,102.216.209.124
877,Lesley,Kellock,lkellockoc@netvibes.com,Female,252.81.121.67
878,Brynne,Tissell,btissellod@aol.com,Female,145.211.95.111
879,Tabby,Reihm,treihmoe@deliciousdays.com,Female,139.104.242.12
880,Drucie,Creany,dcreanyof@buzzfeed.com,Female,90.95.207.107
881,Evan,Pontin,epontinog@epa.gov,Male,251.12.26.158
882,Leland,Musico,lmusicooh@xrea.com,Male,0.167.98.215
883,Guthrey,Dahlberg,gdahlbergoi@pinterest.com,Male,242.75.96.11
884,Raff,Botten,rbottenoj@prlog.org,Male,152.45.34.138
885,Whitney,Riditch,wriditchok@theglobeandmail.com,Male,27.2.77.235
886,Geri,Duffree,gduffreeol@wikimedia.org,Genderfluid,128.163.140.5
887,Katheryn,Sexti,ksextiom@vistaprint.com,Agender,245.224.168.107
888,Cortie,Sproat,csproaton@sfgate.com,Male,248.119.245.29
889,Moses,Willgress,mwillgressoo@woothemes.com,Male,166.53.71.201
890,Carson,Bellchamber,cbellchamberop@noaa.gov,Male,71.230.252.95
891,Kori,Landal,klandaloq@cnet.com,Female,145.205.32.203
892,Sheffie,Hasel,shaselor@dot.gov,Male,82.79.136.169
893,Mar,Crosskill,mcrosskillos@psu.edu,Male,124.34.35.94
894,Rebeca,Element,relementot@vimeo.com,Female,35.236.247.124
895,Sosanna,Bartley,sbartleyou@hibu.com,Female,88.92.214.125
896,Siouxie,Matuszkiewicz,smatuszkiewiczov@army.mil,Female,203.75.240.0
897,Dinny,Ketteridge,dketteridgeow@so-net.ne.jp,Female,213.101.84.220
898,Christoffer,Neilands,cneilandsox@wp.com,Male,42.79.111.1
899,Darryl,McDougle,dmcdougleoy@so-net.ne.jp,Female,179.189.212.153
900,Prissie,Shere,pshereoz@scientificamerican.com,Female,147.111.69.1
901,Emelia,Kingzett,ekingzettp0@sphinn.com,Female,230.140.234.151
902,Sherline,Beresford,sberesfordp1@t.co,Female,53.37.71.81
903,Sigvard,Beckerleg,sbeckerlegp2@1und1.de,Male,166.201.241.127
904,Randi,Stacy,rstacyp3@geocities.com,Female,137.201.95.120
905,Godfry,Tompkin,gtompkinp4@yellowpages.com,Male,12.132.211.124
906,Shelli,Marlon,smarlonp5@about.me,Female,60.241.112.195
907,Olympia,Gurwood,ogurwoodp6@tiny.cc,Female,145.4.12.88
908,Wallie,Ponde,wpondep7@vinaora.com,Male,21.183.207.214
909,Care,Giddy,cgiddyp8@google.com.au,Male,26.186.84.12
910,Rinaldo,Attle,rattlep9@reference.com,Male,226.50.156.129
911,Inigo,Denacamp,idenacamppa@pbs.org,Male,180.65.134.118
912,Kenon,Ruprecht,kruprechtpb@livejournal.com,Male,104.130.249.180
913,Ursulina,Punshon,upunshonpc@hugedomains.com,Female,159.117.6.70
914,Jessie,Bispham,jbisphampd@shutterfly.com,Female,143.229.90.245
915,Henryetta,Morrilly,hmorrillype@odnoklassniki.ru,Female,88.147.22.62
916,Evelin,Emanueli,eemanuelipf@alexa.com,Male,227.216.145.58
917,Dinnie,Crump,dcrumppg@exblog.jp,Female,112.45.51.18
918,Kylie,Runham,krunhamph@gnu.org,Female,113.141.97.93
919,Odille,Radmer,oradmerpi@netvibes.com,Female,165.216.132.166
920,Nickolaus,Quantrell,nquantrellpj@ezinearticles.com,Male,71.59.5.132
921,Goldarina,Charteris,gcharterispk@joomla.org,Female,201.128.171.111
922,Corette,Ghidelli,cghidellipl@npr.org,Female,65.243.144.235
923,Phineas,Romme,prommepm@storify.com,Male,21.67.226.168
924,Theresina,Jenkinson,tjenkinsonpn@deliciousdays.com,Female,248.12.222.232
925,Trev,Wainer,twainerpo@tamu.edu,Genderfluid,66.105.132.220
926,Jennine,Gloy,jgloypp@bing.com,Polygender,138.133.191.97
927,Daile,Fleote,dfleotepq@apple.com,Female,12.51.24.254
928,Elvyn,Lavington,elavingtonpr@hatena.ne.jp,Male,65.56.37.29
929,Ursola,Nellies,unelliesps@prnewswire.com,Female,49.13.82.85
930,Sasha,Proven,sprovenpt@paypal.com,Male,73.33.61.158
931,Emmerich,Gamlin,egamlinpu@census.gov,Male,18.216.184.48
932,Cullie,MacCaig,cmaccaigpv@goodreads.com,Male,176.89.104.40
933,Chlo,Kohrt,ckohrtpw@whitehouse.gov,Female,43.230.219.237
934,Conrade,Stranahan,cstranahanpx@pinterest.com,Male,93.67.158.59
935,Robb,A'field,rafieldpy@sfgate.com,Male,56.137.25.86
936,Berty,Fallanche,bfallanchepz@wikia.com,Male,108.116.74.240
937,Wit,Dunsmore,wdunsmoreq0@alexa.com,Male,51.178.19.164
938,Barthel,Niesing,bniesingq1@illinois.edu,Male,155.12.15.202
939,Kirstyn,Gerrets,kgerretsq2@oaic.gov.au,Female,249.216.159.61
940,Elianora,Galtone,egaltoneq3@dion.ne.jp,Female,3.155.8.209
941,Maure,Robberecht,mrobberechtq4@nps.gov,Female,183.245.3.227
942,Marietta,Garretts,mgarrettsq5@stumbleupon.com,Polygender,77.171.55.199
943,Mic,Ailmer,mailmerq6@census.gov,Male,166.127.181.0
944,Sherwood,Klais,sklaisq7@google.co.jp,Male,203.123.158.26
945,Valentine,Eisenberg,veisenbergq8@msu.edu,Female,235.63.155.118
946,Henrieta,Lathy,hlathyq9@nytimes.com,Female,19.209.15.245
947,Mario,Kleine,mkleineqa@newsvine.com,Male,253.8.178.175
948,Ulysses,Kurtis,ukurtisqb@unc.edu,Male,13.215.64.204
949,Patton,Wixon,pwixonqc@reference.com,Male,28.181.48.15
950,Sibby,Fernez,sfernezqd@yelp.com,Female,220.32.96.186
951,Maitilde,Seddon,mseddonqe@geocities.jp,Female,26.189.88.84
952,Phylys,Duncanson,pduncansonqf@unesco.org,Genderqueer,232.138.30.10
953,Tabbi,Jillitt,tjillittqg@elpais.com,Female,248.117.216.41
954,Guthrie,Pryke,gprykeqh@china.com.cn,Male,142.241.242.212
955,Horace,Janney,hjanneyqi@alibaba.com,Male,123.124.88.245
956,Lion,Greser,lgreserqj@aboutads.info,Male,196.158.7.205
957,Kristoforo,Rangeley,krangeleyqk@bloglovin.com,Agender,245.99.217.116
958,Hamid,Gooch,hgoochql@arizona.edu,Male,237.227.212.92
959,Lucila,Schermick,lschermickqm@oracle.com,Female,230.114.190.181
960,Godfrey,Bromell,gbromellqn@timesonline.co.uk,Genderqueer,60.44.49.27
961,Myles,Penas,mpenasqo@virginia.edu,Male,243.42.113.187
962,Birk,Hatchman,bhatchmanqp@deliciousdays.com,Male,86.133.89.250
963,Lilia,Petel,lpetelqq@senate.gov,Female,70.39.26.72
964,Kennie,Fittall,kfittallqr@shutterfly.com,Genderfluid,70.64.140.44
965,Brandy,Gawkes,bgawkesqs@china.com.cn,Male,251.34.177.109
966,Kathi,Nerheny,knerhenyqt@goo.gl,Female,142.105.5.10
967,Maryl,Blasi,mblasiqu@gov.uk,Female,22.62.185.194
968,Idalia,MacKniely,imacknielyqv@so-net.ne.jp,Female,39.0.198.55
969,Regen,Di Baudi,rdibaudiqw@github.io,Male,219.138.118.59
970,Toinette,Lampkin,tlampkinqx@hao123.com,Female,12.108.110.185
971,Dominica,Endricci,dendricciqy@pinterest.com,Female,11.7.68.62
972,My,Gillford,mgillfordqz@cocolog-nifty.com,Male,204.48.228.185
973,Darline,Shaddick,dshaddickr0@globo.com,Genderfluid,232.91.28.153
974,Faythe,Jeandet,fjeandetr1@nationalgeographic.com,Female,94.123.185.240
975,Petrina,Betton,pbettonr2@prnewswire.com,Non-binary,140.153.37.196
976,Melli,Blest,mblestr3@ted.com,Female,139.131.240.69
977,Leah,Figures,lfiguresr4@netvibes.com,Female,71.6.130.1
978,Odetta,Birkinshaw,obirkinshawr5@slideshare.net,Polygender,116.218.201.241
979,Ker,Judge,kjudger6@eventbrite.com,Male,107.164.158.237
980,Neale,Athridge,nathridger7@prlog.org,Male,124.104.180.150
981,Guillermo,Alekseev,galekseevr8@sohu.com,Male,71.174.103.57
982,Flem,Scopes,fscopesr9@mapy.cz,Male,33.255.196.154
983,Lorena,Kubasek,lkubasekra@baidu.com,Female,11.28.111.211
984,Pietrek,Stonnell,pstonnellrb@youku.com,Male,185.247.196.4
985,Ethelyn,Vittori,evittorirc@digg.com,Female,123.227.94.198
986,Ellette,Pett,epettrd@histats.com,Female,10.9.248.104
987,Lorettalorna,MacCheyne,lmaccheynere@squarespace.com,Female,219.145.216.55
988,Rory,Sabathe,rsabatherf@harvard.edu,Male,192.143.213.49
989,Dannye,Hessenthaler,dhessenthalerrg@shinystat.com,Female,69.41.255.242
990,Alyse,Hollingsby,ahollingsbyrh@europa.eu,Agender,167.51.249.101
991,Garrett,Dameisele,gdameiseleri@dmoz.org,Male,52.232.209.4
992,Kaitlyn,Groundwater,kgroundwaterrj@wordpress.com,Female,210.38.113.236
993,Letisha,Szreter,lszreterrk@biblegateway.com,Non-binary,137.190.99.135
994,Krystal,Wheatland,kwheatlandrl@auda.org.au,Polygender,151.58.143.205
995,Sibley,Briggs,sbriggsrm@dedecms.com,Female,133.225.251.189
996,Valencia,Wratten,vwrattenrn@accuweather.com,Bigender,43.237.105.165
997,Robin,Andreasson,randreassonro@google.com,Male,31.212.244.227
998,Brit,Dixon,bdixonrp@studiopress.com,Female,185.185.101.238
999,Vernor,De Roos,vderoosrq@apache.org,Genderqueer,198.171.245.221
1000,Erastus,Perfili,eperfilirr@virginia.edu,Male,88.245.211.177
